ID,Customer,Gross Weight,Date
115,JOSEPH NGANGA,4730,2024-09-25 09:32:55.146154+00:00
156,KATIKU   KYALO,17380,2024-09-26 05:34:48.336707+00:00
92,ANTHONY,10470,2024-09-24 13:37:47.108479+00:00
133,ANTHONY,10100,2024-09-25 17:54:16.084807+00:00
98,GETEC Company,12250,2024-09-24 15:15:41.528812+00:00
472,SL Test,34535,2024-11-17 11:46:44.563170+00:00
119,PATRICK IRERI,70,2024-09-25 10:00:20.031477+00:00
101,ANTHONY,11980,2024-09-24 17:15:51.003853+00:00
423,TEST CO,-10,2024-10-22 07:58:19.744832+00:00
147,MAMA KEVUJ,16740,2024-09-25 23:07:12.152707+00:00
468,SL Test,60,2024-11-17 11:15:56.182636+00:00
135,CLINTON GITHINJI,18830,2024-09-25 18:32:51.926818+00:00
107,ANTHONY,5170,2024-09-25 05:50:56.592697+00:00
430,ABDILHAMAN,2000,2024-10-29 10:48:29.958483+00:00
507,BENARD,333,2025-05-26 20:57:56.248519+00:00
439,SL Test,1000,2024-11-15 08:04:54.686485+00:00
448,SL Test,1000,2024-11-16 06:02:23.582232+00:00
95,KATIKU   KYALO,8440,2024-09-24 13:56:15.469019+00:00
459,SL Test,3500,2024-11-17 10:27:19.226761+00:00
137,SHIRUU,17700,2024-09-25 19:10:49.018606+00:00
111,ANTHONY,11970,2024-09-25 08:10:48.456377+00:00
149,MAMA KEVUJ,18070,2024-09-25 23:45:03.547558+00:00
139,MWANGI,18470,2024-09-25 19:25:12.455506+00:00
129,KATIKU   KYALO,12680,2024-09-25 16:29:17.411575+00:00
141,PURITY,12740,2024-09-25 20:00:46.040722+00:00
131,MAMA KEVUJ,18270,2024-09-25 17:30:43.591009+00:00
151,KATIKU   KYALO,9930,2024-09-26 04:27:41.545106+00:00
143,STIVE  MGANDA,18580,2024-09-25 20:48:59.388976+00:00
145,STIVE  MGANDA,18740,2024-09-25 22:12:23.524207+00:00
153,JOHN MWANGI,17870,2024-09-26 04:36:44.900184+00:00
154,JOHN MWANGI,15110,2024-09-26 04:42:23.247536+00:00
155,KATIKU   KYALO,5290,2024-09-26 05:30:30.884056+00:00
160,KATIKU   KYALO,12260,2024-09-26 05:50:55.429177+00:00
166,PENNINAH,4180,2024-09-26 07:56:30.723738+00:00
159,ANTHONY,12060,2024-09-26 05:46:45.990726+00:00
161,CLINTON GITHINJI,18730,2024-09-26 06:45:00.795568+00:00
164,KATIKU   KYALO,13980,2024-09-26 07:18:33.625642+00:00
165,BONIFACE MULELI,8410,2024-09-26 07:44:47.884223+00:00
170,AORON GAITA,10820,2024-09-26 10:20:13.889619+00:00
163,JOHN MWANGI,16500,2024-09-26 07:05:58.383464+00:00
132,MAMA KEVUJ,18480,2024-09-25 17:51:04.701469+00:00
128,SHIRUU,18800,2024-09-25 16:17:33.416027+00:00
87,KATIKU   KYALO,14070,2024-09-24 11:48:08.678060+00:00
99,BRAISON MICHAEL,16050,2024-09-24 15:27:11.832621+00:00
102,VINCENT KK,4900,2024-09-24 18:28:32.704794+00:00
106,JOHN MWANGI,15310,2024-09-25 05:07:48.502663+00:00
493,DAN,1000,2025-01-04 08:56:06.560637+00:00
424,TEST CO,-10,2024-10-22 07:59:36.032769+00:00
488,SL Test,0,2024-12-09 19:06:23.124664+00:00
497,ABDILHAMAN,0,
451,SL Test,2000,2024-11-17 00:08:28.505728+00:00
440,SL Test,1000,2024-11-15 08:04:54.686485+00:00
508,BENARD,333,2025-05-26 20:59:07.748142+00:00
469,SL Test,6310,2024-11-17 11:44:16.856723+00:00
460,SL Test,4200,2024-11-17 10:42:49.829860+00:00
522,DEVI,243,2025-06-08 07:24:37.397100+00:00
114,TYSON KIBIWOT,4990,2024-09-25 09:12:36.303014+00:00
116,FIDEL MWENDWA,6910,2024-09-25 09:37:38.784278+00:00
138,MAMA KEVUJ,18880,2024-09-25 19:19:05.672755+00:00
130,JOHN MWANGI,6600,2024-09-25 16:44:37.804187+00:00
136,VINCENT  OCHOLA,7940,2024-09-25 18:51:36.227005+00:00
134,DAN,18090,2024-09-25 18:25:31.057058+00:00
140,PURITY,18590,2024-09-25 19:50:14.943600+00:00
144,ANTHONY,18850,2024-09-25 21:02:37.281965+00:00
146,GEETEK W,16990,2024-09-25 22:28:56.833807+00:00
148,SHIRUU,18420,2024-09-25 23:14:51.231048+00:00
263,PURITY,18780,2024-09-27 20:06:35.807456+00:00
188,KATIKU   KYALO,13170,2024-09-26 15:03:48.924799+00:00
208,SOLOMON MUINDE,27650,2024-09-26 18:44:53.978304+00:00
189,PATRICK IRERI,16500,2024-09-26 15:08:43.981458+00:00
265,SHIRUU,18800,2024-09-27 21:23:24.663950+00:00
196,JOHN MWANGI,6800,2024-09-26 15:49:45.582058+00:00
190,SHIRUU,18470,2024-09-26 15:12:19.278482+00:00
191,SHIRUU,18480,2024-09-26 15:17:16.547844+00:00
192,JOHN MWANGI,5990,2024-09-26 15:19:19.578730+00:00
193,CLINTON GITHINJI,18570,2024-09-26 15:22:08.171695+00:00
203,TYSON KIBIWOT,7720,2024-09-26 17:43:36.902391+00:00
204,JABALI,18010,2024-09-26 17:55:26.575066+00:00
206,ANTHONY,18490,2024-09-26 18:21:53.352857+00:00
207,JABALI,18610,2024-09-26 18:39:56.674631+00:00
209,BENARD,18570,2024-09-26 18:47:45.971561+00:00
218,TYSON KIBIWOT,7720,2024-09-26 17:43:36.902391+00:00
219,GETEC Company,12040,2024-09-26 21:58:45.512449+00:00
220,KATIKU   KYALO,5360,2024-09-26 12:22:21.866112+00:00
261,MAMA KEVUJ,18520,2024-09-27 19:16:45.604655+00:00
221,ANTHONY,9620,2024-09-27 05:21:00.075930+00:00
494,SL Test,1233,
150,GEETEK W,16990,
498,SL Test,2000,2025-05-26 19:38:11.281729+00:00
510,DEVI,42,2025-05-27 18:52:12.430366+00:00
452,SL Test,3000,2024-11-17 00:18:10.673968+00:00
461,SL Test,4200,2024-11-17 10:42:49.829860+00:00
470,SL Test,6310,2024-11-17 11:44:16.856723+00:00
523,DEVI,540,2025-06-08 07:28:07.350773+00:00
88,DAN,27550,2024-09-24 11:54:33.686609+00:00
94,JOHN MWANGI,16570,2024-09-24 13:52:01.418937+00:00
97,KATIKU   KYALO,10080,2024-09-24 15:05:34.382404+00:00
100,JOHN MWANGI,5140,2024-09-24 16:06:07.045408+00:00
171,JOHN MWANGI,16270,2024-09-26 10:24:37.030479+00:00
184,KATIKU   KYALO,7200,2024-09-26 14:09:58.401476+00:00
